{
    "0": "0",
    "1": "1",
    "2": "2",
    "3": "3",
    "4": "4",
    "5": "5",
    "6": "6",
    "7": "7",
    "8": "8",
    "9": "9",
    "Restart": "再起動",
    "Pause": "一時停止",
    "Play": "開始",
    "Save State": "ステートセーブ",
    "Load State": "ステートロード",
    "Control Settings": "キーコンフィグ",
    "Cheats": "チート",
    "Cache Manager": "キャッシュマネージャー",
    "Export Save File": "セーブデータをエクスポート",
    "Import Save File": "セーブデータをインポート",
    "Netplay": "ネットプレイ",
    "Mute": "ミュート",
    "Unmute": "ミュート解除",
    "Settings": "設定",
    "Enter Fullscreen": "全画面表示",
    "Exit Fullscreen": "全画面表示を終了",
    "Reset": "リセット",
    "Clear": "クリア",
    "Close": "閉じる",
    "QUICK SAVE STATE": "クイックセーブ",
    "QUICK LOAD STATE": "クイックロード",
    "CHANGE STATE SLOT": "セーブスロットの変更",
    "FAST FORWARD": "早送り",
    "Player": "プレイヤー",
    "Connected Gamepad": "接続されたゲームパッド",
    "Gamepad": "ゲームパッド",
    "Keyboard": "キーボード",
    "Set": "セット",
    "Add Cheat": "チートの追加",
    "Create a Room": "部屋を作成",
    "Rooms": "部屋",
    "Start Game": "ゲームスタート",
    "Loading...": "読み込み中...",
    "Download Game Core": "ゲームコアをダウンロード",
    "Decompress Game Core": "ゲームコアを解凍",
    "Download Game Data": "ゲームデータのダウンロード",
    "Decompress Game Data": "ゲームデータを解凍",
    "Shaders": "シェーダー",
    "Disabled": "無効",
    "2xScaleHQ": "2xスケール",
    "4xScaleHQ": "4xスケール",
    "CRT easymode": "CRT (イージーモード)",
    "CRT aperture": "CRT (アパーチャ)",
    "CRT geom": "CRT (ジオメ)",
    "CRT mattias": "CRT (Mattias)",
    "FPS": "FPS",
    "show": "表示",
    "hide": "非表示",
    "Fast Forward Ratio": "早送り速度",
    "Fast Forward": "早送り",
    "Enabled": "有効",
    "Save State Slot": "ステートセーブスロット",
    "Save State Location": "ステートセーブ保存場所",
    "Download": "ダウンロード",
    "Keep in Browser": "ブラウザ内に保持",
    "Auto": "自動",
    "NTSC": "NTSC",
    "PAL": "PAL",
    "Dendy": "Dendy",
    "8:7 PAR": "8:7 PAR",
    "4:3": "4:3",
    "Low": "低",
    "High": "高",
    "Very High": "超高",
    "None": "なし",
    "Player 1": "プレイヤー1",
    "Player 2": "プレイヤー2",
    "Both": "両方",
    "SAVED STATE TO SLOT": "状態をスロットにセーブしました",
    "LOADED STATE FROM SLOT": "状態をスロットからロードしました",
    "SET SAVE STATE SLOT TO": "状態保存スロットを次のように設定します",
    "Network Error": "ネットワークエラー",
    "Submit": "適用",
    "Description": "説明",
    "Code": "コード",
    "Add Cheat Code": "チートコードを追加する",
    "Leave Room": "部屋を退出",
    "Password": "パスワード",
    "Password (optional)": "パスワード (オプション)",
    "Max Players": "最大プレイヤー数",
    "Room Name": "部屋の名前",
    "Join": "参加する",
    "Player Name": "プレイヤー名",
    "Set Player Name": "プレイヤー名の設定",
    "Left Handed Mode": "左利きモード",
    "Virtual Gamepad": "仮想ゲームパッド",
    "Disk": "ディスク",
    "Press Keyboard": "キーボードを押す",
    "INSERT COIN": "コインを入れる",
    "Remove": "削除",
    "SAVE LOADED FROM BROWSER": "セーブをブラウザからロード",
    "SAVE SAVED TO BROWSER": "セーブをブラウザに保存",
    "Join the discord": "ディスコードに参加",
    "View on GitHub": "GitHub で見る",
    "Failed to start game": "ゲームの開始に失敗しました",
    "Download Game BIOS": "ゲームBIOSをダウンロード",
    "Decompress Game BIOS": "ゲームBIOSを解凍",
    "Download Game Parent": "ゲームの親をダウンロード",
    "Decompress Game Parent": "ゲームの親を解凍",
    "Download Game Patch": "ゲームパッチをダウンロード",
    "Decompress Game Patch": "ゲームパッチを解凍",
    "Download Game State": "ゲームステートのダウンロード",
    "Check console": "コンソールを確認してください",
    "Error for site owner": "サイト所有者のエラー",
    "EmulatorJS": "エミュレータJS",
    "Clear All": "すべてクリア",
    "Take Screenshot": "スクリーンショットを撮影",
    "Quick Save": "クイックセーブ",
    "Quick Load": "クイックロード",
    "REWIND": "巻き戻し",
    "Rewind Enabled (requires restart)": "巻き戻しが有効 (再起動が必要)",
    "Rewind Granularity": "巻き戻し粒度",
    "Slow Motion Ratio": "スローモーション比率",
    "Slow Motion": "スローモーション",
    "Home": "ホーム",
    "EmulatorJS License": "エミュレータJSライセンス",
    "RetroArch License": "RetroArch ライセンス",
    "SLOW MOTION": "スローモーション",
    "A": "A",
    "B": "B",
    "SELECT": "SELECT",
    "START": "START",
    "UP": "上",
    "DOWN": "下",
    "LEFT": "左",
    "RIGHT": "右",
    "X": "X",
    "Y": "Y",
    "L": "L",
    "R": "R",
    "Z": "Z",
    "STICK UP": "スティック上",
    "STICK DOWN": "スティック下",
    "STICK LEFT": "スティック左",
    "STICK RIGHT": "スティック右",
    "C-PAD UP": "Cボタン上",
    "C-PAD DOWN": "Cボタン下",
    "C-PAD LEFT": "Cボタン左",
    "C-PAD RIGHT": "Cボタン右",
    "MICROPHONE": "マイク",
    "BUTTON 1 / START": "ボタン1 / スタート",
    "BUTTON 2": "ボタン2",
    "BUTTON": "ボタン",
    "LEFT D-PAD UP": "十字キー上",
    "LEFT D-PAD DOWN": "十字キー下",
    "LEFT D-PAD LEFT": "十字キー左",
    "LEFT D-PAD RIGHT": "十字キー右",
    "RIGHT D-PAD UP": "右十字キー上",
    "RIGHT D-PAD DOWN": "右十字キー下",
    "RIGHT D-PAD LEFT": "右十字キー左",
    "RIGHT D-PAD RIGHT": "右十字キー右",
    "C": "C",
    "MODE": "モード",
    "FIRE": "発射",
    "RESET": "リセット",
    "LEFT DIFFICULTY A": "左難易度A",
    "LEFT DIFFICULTY B": "左難易度B",
    "RIGHT DIFFICULTY A": "右難易度A",
    "RIGHT DIFFICULTY B": "右難易度B",
    "COLOR": "カラー",
    "B/W": "白黒",
    "PAUSE": "一時停止",
    "OPTION": "オプション",
    "OPTION 1": "オプション1",
    "OPTION 2": "オプション2",
    "L2": "L2",
    "R2": "R2",
    "L3": "L3",
    "R3": "R3",
    "L STICK UP": "左スティック上",
    "L STICK DOWN": "左スティック下",
    "L STICK LEFT": "左スティック左",
    "L STICK RIGHT": "左スティック右",
    "R STICK UP": "右スティック上",
    "R STICK DOWN": "右スティック下",
    "R STICK LEFT": "右スティック左",
    "R STICK RIGHT": "右スティック右",
    "Start": "Start",
    "Select": "Select",
    "Fast": "Fast",
    "Slow": "Slow",
    "a": "a",
    "b": "b",
    "c": "c",
    "d": "d",
    "e": "e",
    "f": "f",
    "g": "g",
    "h": "h",
    "i": "i",
    "j": "j",
    "k": "k",
    "l": "l",
    "m": "m",
    "n": "n",
    "o": "o",
    "p": "p",
    "q": "q",
    "r": "r",
    "s": "s",
    "t": "t",
    "u": "u",
    "v": "v",
    "w": "w",
    "x": "x",
    "y": "y",
    "z": "z",
    "enter": "enter",
    "escape": "escape",
    "space": "space",
    "tab": "tab",
    "backspace": "backspace",
    "delete": "delete",
    "arrowup": "矢印上",
    "arrowdown": "矢印下",
    "arrowleft": "矢印左",
    "arrowright": "矢印右",
    "f1": "f1",
    "f2": "f2",
    "f3": "f3",
    "f4": "f4",
    "f5": "f5",
    "f6": "f6",
    "f7": "f7",
    "f8": "f8",
    "f9": "f9",
    "f10": "f10",
    "f11": "f11",
    "f12": "f12",
    "shift": "shift",
    "control": "control",
    "alt": "alt",
    "meta": "meta",
    "capslock": "capslock",
    "insert": "insert",
    "home": "home",
    "end": "end",
    "pageup": "pageup",
    "pagedown": "pagedown",
    "!": "！",
    "@": "@",
    "#": "#",
    "$": "$",
    "%": "%",
    "^": "^",
    "&": "&",
    "*": "*",
    "(": "(",
    ")": ")",
    "-": "-",
    "_": "_",
    "+": "+",
    "=": "=",
    "[": "[",
    "]": "]",
    "{": "{",
    "}": "}",
    ";": ";",
    ":": ":",
    "'": "'",
    "\"": "\"",
    ",": ",",
    ".": ".",
    "<": "<",
    ">": ">",
    "/": "/",
    "?": "?",
    "LEFT_STICK_X": "左スティック_X",
    "LEFT_STICK_Y": "左スティック_Y",
    "RIGHT_STICK_X": "右スティック_X",
    "RIGHT_STICK_Y": "右スティック_Y",
    "LEFT_TRIGGER": "左トリガー",
    "RIGHT_TRIGGER": "右トリガー",
    "A_BUTTON": "A_ボタン",
    "B_BUTTON": "B_ボタン",
    "X_BUTTON": "X_ボタン",
    "Y_BUTTON": "Y_ボタン",
    "START_BUTTON": "スタートボタン",
    "SELECT_BUTTON": "セレクトボタン",
    "L1_BUTTON": "L1_ボタン",
    "R1_BUTTON": "R1_ボタン",
    "L2_BUTTON": "L2_ボタン",
    "R2_BUTTON": "R2_ボタン",
    "LEFT_THUMB_BUTTON": "左スティック押し込み",
    "RIGHT_THUMB_BUTTON": "右スティック押し込み",
    "DPAD_UP": "十字キー上",
    "DPAD_DOWN": "十字キー下",
    "DPAD_LEFT": "十字キー左",
    "DPAD_RIGHT": "十字キー右"
}
